channel,conversions,total_ltv,spend,CAC,LTV_to_CAC
Paid Social,211,26472.0,470615.7,2230.406161137441,0.05624971712588424
Paid Search,172,20880.0,312803.12,1818.6227906976744,0.0667512523532374
Influencer,441,59244.0,136421.0,309.34467120181404,0.4342733156918656
Organic,38,4116.0,0.0,0.0,
Referral,85,10908.0,17930.32,210.9449411764706,0.6083550098380843
Direct,21,2484.0,0.0,0.0,
