channel,conversions,total_ltv,spend,CAC,LTV_to_CAC
Paid Social,188.33333333333334,23420.0,470615.7,2498.844424778761,0.04976459561378849
Paid Search,206.0,25654.0,312803.12,1518.4617475728155,0.08201324846120461
Influencer,300.9166666666667,40601.0,136421.0,453.35142619772915,0.2976154697590547
Organic,73.41666666666667,8994.0,0.0,0.0,
Referral,109.58333333333333,14301.0,17930.32,163.62269201520914,0.7975875500269934
Direct,89.75,11134.0,0.0,0.0,
