channel,conversions,total_ltv,spend,CAC,LTV_to_CAC
Paid Social,164,20268.0,470615.7,2869.6079268292683,0.04306698650300022
Paid Search,271,33924.0,312803.12,1154.2550553505534,0.1084516036796564
Influencer,183,25128.0,136421.0,745.4699453551913,0.18419451550714333
Organic,79,9204.0,0.0,0.0,
Referral,123,16440.0,17930.32,145.7749593495935,0.9168826880948026
Direct,148,19140.0,0.0,0.0,
