channel,conversions,total_ltv,spend,CAC,LTV_to_CAC
Paid Social,179.1142857142857,22199.085714285713,470615.7,2627.460440261605,0.047170304165980254
Paid Search,227.65714285714284,28507.885714285712,312803.12,1374.00968875502,0.0911368330158782
Influencer,252.75238095238095,34246.74285714285,136421.0,539.7417008930254,0.25103717797951086
Organic,78.22857142857143,9500.914285714285,0.0,0.0,
Referral,116.25714285714285,15258.171428571428,17930.32,154.2298353403785,0.8509703914136183
Direct,113.99047619047619,14391.199999999999,0.0,0.0,
