month,pct_retained
1,1.0
3,0.8543388429752066
6,0.6632231404958677
12,0.3884297520661157
18,0.23243801652892562
24,0.1384297520661157
