first_touch_channel,paid_subs,avg_retained_months,avg_ltv,total_ltv,spend,CAC,LTV_to_CAC_ratio,payback_months
Paid Social,211,10.454976303317535,125.45971563981043,26472.0,470615.7,2230.406161137441,0.06,185.9
Paid Search,172,10.116279069767442,121.3953488372093,20880.0,312803.12,1818.6227906976744,0.07,151.6
Influencer,441,11.19501133786848,134.34013605442178,59244.0,136421.0,309.34467120181404,0.43,25.8
Organic,38,9.026315789473685,108.3157894736842,4116.0,0.0,0.0,inf,0.0
Referral,85,10.694117647058823,128.3294117647059,10908.0,17930.32,210.9449411764706,0.61,17.6
Direct,21,9.857142857142858,118.28571428571429,2484.0,0.0,0.0,inf,0.0
